Customer_ID,First_Name,Last_Name,Credit_Points
CUST001,Onfroi,Thickin,18
CUST002,Trina,Syres,43
CUST003,Carlotta,Crowhurst,18
CUST004,Angelica,Ambrois,37
CUST005,Balduin,Le Friec,39
CUST006,Kipp,McColley,44
CUST007,Camella,Wehnerr,50
CUST008,Reyna,Dornin,14
CUST009,Dulsea,D'Adda,25
CUST010,Antin,Greenan,4
CUST011,Patti,Rathke,26
CUST012,Borden,Clampe,7
CUST013,Sephira,Jardine,5
CUST014,Noll,Bass,1
CUST015,Angele,Gregg,22
CUST016,Dieter,Slide,16
CUST017,Domenico,Serfati,32
CUST018,Baryram,Di Franceschi,9
CUST019,Anstice,Rounds,13
CUST020,Sigmund,Poulett,34
CUST021,Karyl,Saunderson,3
CUST022,Titos,Roaf,6
CUST023,Kalli,Blaze,37
CUST024,Xylina,Whyke,45
CUST025,West,Priestnall,16
CUST026,Devina,Ezzy,30
CUST027,Fitz,McEvay,27
CUST028,Agustin,Sarre,35
CUST029,Harriott,Gheraldi,22
CUST030,Quinn,Maynard,39
CUST031,Pascal,Lobb,33
CUST032,Elaina,Kildea,14
CUST033,Krissie,Poacher,38
CUST034,Kenon,Benedidick,16
CUST035,Kirby,McAw,8
CUST036,Ronny,Boutellier,20
CUST037,Douglass,Wetwood,28
CUST038,Gabriell,Sawfoot,28
CUST039,Angela,Kain,50
CUST040,Trish,Quant,1
CUST041,Goldia,Durrell,20
CUST042,Brnaba,Enocksson,25
CUST043,Marielle,Palfree,27
CUST044,Goddard,Brandin,26
CUST045,Sunshine,Gumn,13
CUST046,Gloriane,Eady,18
CUST047,Charlena,Dyos,38
CUST048,Sanson,Scutchin,46
CUST049,Rene,Goley,7
CUST050,Jessalyn,Silverston,23
CUST051,Fallon,Faint,43
CUST052,Gloriana,Burtenshaw,50
CUST053,Alana,Dri,26
CUST054,Fletch,Tremmel,1
CUST055,Marv,Krolik,26
CUST056,Carver,Godbald,13
CUST057,Rowen,Dwelling,36
CUST058,Robbin,Beniesh,30
CUST059,Timi,Burnitt,44
CUST060,Claire,Ebbetts,16
CUST061,Kerrie,Ripon,22
CUST062,Wallie,De Normanville,24
CUST063,Jana,Vallender,30
CUST064,Marrilee,Flaunier,40
CUST065,Nisse,Webland,39
CUST066,Marleen,Welham,46
CUST067,Carissa,Plume,21
CUST068,Guglielma,Bartleman,6
CUST069,Kaine,MacAnespie,39
CUST070,Berry,Ugo,30
CUST071,Eleanor,Hughlin,49
CUST072,Natividad,Berkeley,9
CUST073,Friedrich,Meade,3
CUST074,Dulsea,Gilbertson,7
CUST075,Howard,Coll,26
CUST076,Margarethe,Pariso,28
CUST077,Rochell,Sharphouse,28
CUST078,Lynnea,Noel,38
CUST079,Pegeen,McAuley,45
CUST080,Tammara,Leffek,30
CUST081,Talyah,Goodacre,41
CUST082,Willie,Poulsen,45
CUST083,Gerri,Haskew,19
CUST084,Nancy,Earngy,13
CUST085,Lanita,Archibald,31
CUST086,Yoshi,Segrave,3
CUST087,Elnore,Lasham,28
CUST088,Clementine,Bayle,32
CUST089,Giorgia,Beningfield,45
CUST090,Dru,Nation,39
CUST091,Leanna,Delamar,13
CUST092,Katrina,Perrinchief,11
CUST093,Lion,Vanner,12
CUST094,Ernaline,Collumbine,30
CUST095,Che,Kybird,14
CUST096,Gaylene,Feander,46
CUST097,Arlyn,Ranyell,30
CUST098,Mehetabel,Burn,27
CUST099,Natalina,Tax,18
CUST100,Linea,Korbmaker,39
CUST101,Rivkah,Corck,30
CUST102,Doy,Jeyes,3
CUST103,Sherie,Girogetti,34
CUST104,Misha,Prevett,24
CUST105,Helaine,Macrae,13
CUST106,Kare,Smales,10
CUST107,Lanita,Inston,5
CUST108,Alane,Mostin,42
CUST109,Christian,Wooster,46
CUST110,Isobel,Leither,5
CUST111,Kelci,Sprouls,45
CUST112,Stacy,Chmarny,6
CUST113,Dusty,Gallemore,20
CUST114,Brunhilda,Casbolt,26
CUST115,Gilburt,Matyukon,28
CUST116,Aurilia,Gossop,48
CUST117,Shelley,Bontein,23
CUST118,Thadeus,Czaple,12
CUST119,Hyacinthie,Ceney,1
CUST120,Kerri,Major,32
CUST121,Reba,Barsby,49
CUST122,Benoit,Cornuau,46
CUST123,Joana,Drayton,13
CUST124,Laural,Cadany,18
CUST125,Cobbie,Mouget,13
CUST126,Feliks,Febre,46
CUST127,Lauree,Bourthouloume,1
CUST128,Felix,Fulstow,50
CUST129,Osborn,Seally,40
CUST130,Frankie,Legendre,37
CUST131,Keen,McMorran,44
CUST132,Gabi,Thibodeaux,10
CUST133,Poppy,Hutfield,21
CUST134,Humberto,Maling,16
CUST135,Royce,Philippon,3
CUST136,Phillie,Ryles,1
CUST137,Fulton,Beat,36
CUST138,Garth,Ridsdell,29
CUST139,Loreen,Sabbin,1
CUST140,Win,Mattielli,50
CUST141,Alane,Deabill,43
CUST142,Edik,Dooley,18
CUST143,Germaine,Coumbe,43
CUST144,Conn,Leaver,25
CUST145,Chev,Bapty,17
CUST146,Salvador,Dunderdale,6
CUST147,Belia,Drinkel,9
CUST148,Joy,Boanas,21
CUST149,Merrill,Pitkin,31
CUST150,Con,Strathern,49
CUST151,Delbert,Maggorini,50
CUST152,Kale,Harbertson,47
CUST153,Ivonne,Brudenell,48
CUST154,Maryellen,Farman,21
CUST155,Brandtr,Gillbe,7
CUST156,Vitia,Caherny,2
CUST157,Orin,Coatham,16
CUST158,Robinson,Maddy,2
CUST159,Alfredo,Tackes,26
CUST160,Matthiew,Fadden,46
CUST161,Wilie,Ulyatt,11
CUST162,Gertrud,Cabedo,18
CUST163,Marthe,Fannin,39
CUST164,Pat,Keynd,13
CUST165,Livia,Bezley,20
CUST166,Merrily,Nelm,25
CUST167,Riccardo,Dummigan,24
CUST168,Rosamund,Thirwell,1
CUST169,Kit,Villaron,12
CUST170,Cicily,Self,37
CUST171,Renie,Stradling,45
CUST172,Caitlin,Ponde,7
CUST173,Claudelle,Reichert,11
CUST174,Erie,Sampey,14
CUST175,Frankie,Crennell,39
CUST176,Jamie,Sussex,41
CUST177,Cicily,Coultass,11
CUST178,Alfy,Berge,26
CUST179,Essie,Ingliss,39
CUST180,Janaya,Holbarrow,28
CUST181,Patsy,Beckley,8
CUST182,Arri,Lorand,37
CUST183,Chandal,Cullon,12
CUST184,Kristien,Davall,45
CUST185,Reese,Franiak,21
CUST186,Simone,Ioan,8
CUST187,Merwyn,Pickavance,15
CUST188,Fransisco,Whittington,33
CUST189,Enrico,Gower,46
CUST190,Mickie,Orwin,35
CUST191,Edward,Liven,45
CUST192,Carmencita,Rojas,21
CUST193,Abby,Dinsey,15
CUST194,Lizzy,McGivena,25
CUST195,Rebeka,Woolager,10
CUST196,Karlen,Sansom,19
CUST197,Jarrett,Rowlstone,50
CUST198,Tamiko,Rennenbach,27
CUST199,Lolly,Rablin,1
CUST200,Blakeley,Yakunkin,35
CUST201,Elora,Bleakman,48
CUST202,Gardner,Ollivierre,41
CUST203,Merola,Sparling,40
CUST204,June,Saffen,7
CUST205,Keenan,Claesens,11
CUST206,Lezlie,Avieson,6
CUST207,Xavier,Worlidge,31
CUST208,Candis,Gronow,17
CUST209,Rodi,Cardow,28
CUST210,Darill,Le Grand,13
CUST211,Konstance,Beau,48
CUST212,Nate,Jordon,39
CUST213,Merrielle,Baribal,1
CUST214,Ilene,Wilber,12
CUST215,Alyda,Imbrey,17
CUST216,Geoffry,Didball,43
CUST217,Marsha,Ummfrey,34
CUST218,Lars,McGeneay,28
CUST219,Konrad,Phillcock,36
CUST220,Xenia,Mackley,43
CUST221,Maressa,MacDonogh,25
CUST222,Florance,Vaen,36
CUST223,Costanza,Fevers,42
CUST224,Randall,Massie,1
CUST225,Obadiah,Easseby,46
CUST226,Avery,Kristof,20
CUST227,Camilla,Feldmesser,7
CUST228,Eloisa,Lamasna,39
CUST229,Mozelle,Kleine,10
CUST230,Edie,Follin,5
CUST231,Shayna,Fawbert,3
CUST232,Evonne,Szymanowski,41
CUST233,Melisenda,Lehr,1
CUST234,Kerwinn,Simeon,25
CUST235,Mohandas,Aslie,46
CUST236,Tyson,Lundie,10
CUST237,Harrietta,Bouts,36
CUST238,Debby,Lisciandro,48
CUST239,Vassily,Jaher,31
CUST240,Rutger,Warden,31
CUST241,Cammy,Grzelczak,32
CUST242,Roth,Deakin,34
CUST243,Theodosia,Rubel,40
CUST244,Hugibert,Pearcey,2
CUST245,Alida,Devonshire,26
CUST246,Thorstein,Hardman,41
CUST247,Veronica,Grimsdith,4
CUST248,Rolland,Conti,13
CUST249,Colline,Petrishchev,2
CUST250,Elysee,Bayfield,21
CUST251,Terri,Ifill,4
CUST252,Danny,Gossop,45
CUST253,Haley,Klees,10
CUST254,Gerald,Beresford,23
CUST255,Benton,Wattinham,35
CUST256,Orlan,Bestwick,5
CUST257,Collette,Horsewood,16
CUST258,Hilda,Jansa,36
CUST259,Deanne,Saiz,18
CUST260,Aurelie,Diment,29
CUST261,Charline,Hainning,15
CUST262,Rica,Moreinis,2
CUST263,Grayce,Ciciotti,23
CUST264,Rodney,Maas,11
CUST265,Jeanette,Sheehy,9
CUST266,Ward,Traise,31
CUST267,Benji,Dunlap,19
CUST268,Nessi,Langham,6
CUST269,Karl,Spalls,16
CUST270,Agustin,Rideout,9
CUST271,Pearla,Brundall,14
CUST272,Bartlett,Bercher,39
CUST273,Chrissy,Kohtler,33
CUST274,Kathlin,Wormald,7
CUST275,Leola,Besson,22
CUST276,Ulick,Patsall,8
CUST277,Gabriele,Quiddington,4
CUST278,Sara-ann,Pringuer,4
CUST279,Ethe,Wakenshaw,25
CUST280,Mordecai,Ketteman,21
CUST281,Laryssa,Lossman,7
CUST282,Luella,Piris,48
CUST283,Junia,Culshew,5
CUST284,Stearne,Nelmes,43
CUST285,Hannie,Newvill,30
CUST286,Cele,Life,7
CUST287,Fonz,Farguhar,19
CUST288,Kendrick,Huerta,44
CUST289,Luciana,Henaughan,24
CUST290,Agnes,Quig,19
CUST291,Geoffry,Hassett,47
CUST292,Archambault,Rodolf,33
CUST293,Walker,Washtell,33
CUST294,Margret,Fenech,20
CUST295,Langsdon,Holgan,16
CUST296,Dorree,Beinke,30
CUST297,Orbadiah,Carmody,1
CUST298,Stillman,Iscowitz,14
CUST299,Marv,Babinski,38
CUST300,Guthry,Clayworth,13
CUST301,Audy,Trees,25
CUST302,Tab,Ghidoli,33
CUST303,Nananne,Trebbett,42
CUST304,Cristobal,Alvey,38
CUST305,Eleonore,Bowmaker,27
CUST306,Garvey,Faichnie,27
CUST307,Hephzibah,Shutte,48
CUST308,Roshelle,Glasheen,36
CUST309,Gaspar,Janny,24
CUST310,Erhard,Alejandre,43
CUST311,Reilly,Ricarde,28
CUST312,Leslie,Daugherty,29
CUST313,Leona,Bridson,42
CUST314,Gray,McQuarrie,25
CUST315,Catharina,Ubach,26
CUST316,Collen,Chesson,21
CUST317,Verena,Raspison,9
CUST318,Darrel,Stannislawski,13
CUST319,Kinna,Toyer,35
CUST320,Ellerey,Gyves,50
CUST321,Faulkner,Jorn,35
CUST322,Codie,Rintoul,33
CUST323,Ruddie,Simon,37
CUST324,Cleon,Sachno,33
CUST325,Giffard,Beaman,33
CUST326,Naoma,Marchelli,13
CUST327,Rebekah,Simonian,47
CUST328,Gabbi,Metson,3
CUST329,Ninette,Dellenbrok,28
CUST330,Ronna,Vela,47
CUST331,Nehemiah,Krolik,17
CUST332,Rafaela,Sheasby,1
CUST333,Sabrina,Danbye,29
CUST334,Alisander,Lowles,36
CUST335,Ferne,Dronsfield,48
CUST336,Abbott,Danilyak,17
CUST337,Brannon,Dugdale,8
CUST338,Hubie,Skechley,42
CUST339,Chrotoem,Eustanch,40
CUST340,Delora,Yon,46
CUST341,Inglebert,Connell,40
CUST342,Shana,De Biasio,38
CUST343,Reuben,Morrowe,46
CUST344,Pippy,Shimmin,29
CUST345,Raddie,Salvati,24
CUST346,Darrell,Chopin,8
CUST347,Neddie,Pruce,28
CUST348,Drucy,Evins,31
CUST349,Lothaire,Cheeke,22
CUST350,Rosalyn,Elce,9
CUST351,Cornell,Lusty,4
CUST352,Dominique,MacGrath,14
CUST353,Lamond,Purser,1
CUST354,Mayor,Boniface,3
CUST355,Starlin,Tomovic,36
CUST356,Towney,Byart,32
CUST357,Dan,Kinnie,3
CUST358,Shane,Yeliashev,18
CUST359,Kiel,McVrone,14
CUST360,Damara,Petyanin,38
CUST361,Branden,Brattell,5
CUST362,Chadd,Bisgrove,50
CUST363,Tom,Kybbye,22
CUST364,Merwyn,Ellesmere,14
CUST365,Claudell,Dunican,23
CUST366,Jacquetta,Jollie,30
CUST367,Haywood,Giscken,14
CUST368,Allis,Sivills,19
CUST369,Byran,Browse,7
CUST370,Stanislas,Vearncomb,34
CUST371,Theadora,Macbane,4
CUST372,Ferrel,Beamand,48
CUST373,Lydie,Klaessen,7
CUST374,Kristen,Gostridge,12
CUST375,Elsy,Babcock,34
CUST376,Hanna,Gosnold,38
CUST377,Ofelia,Hearnden,20
CUST378,Warde,Macilhench,2
CUST379,Wally,Sliney,38
CUST380,Brant,Olfert,33
CUST381,Abdel,Cawdron,44
CUST382,Patricia,Scorey,42
CUST383,Gerty,Lantuff,17
CUST384,Brianna,Shellcross,23
CUST385,Aurelia,Doughty,26
CUST386,Margery,Tortice,6
CUST387,Lorrayne,Bertomier,36
CUST388,Kirby,Taylo,3
CUST389,Wilburt,Ashfold,12
CUST390,Germayne,Stormes,20
CUST391,Alissa,Youd,28
CUST392,Blake,Cranstone,16
CUST393,Garland,Sephton,33
CUST394,Elwira,Schooley,9
CUST395,Stephenie,Gerrelts,27
CUST396,Blair,McRobbie,21
CUST397,Rubia,Skakunas,27
CUST398,Cobbie,Tysall,30
CUST399,Delphine,Uttermare,4
CUST400,Mariele,Bonin,20
CUST401,Rikki,Chessman,42
CUST402,Karlee,Leathley,1
CUST403,Alejandra,Dudmarsh,43
CUST404,Byrle,Kendell,37
CUST405,Nikolos,Dorow,48
CUST406,Imogene,Scurlock,42
CUST407,Elysee,Coleridge,48
CUST408,Waldemar,Grovier,6
CUST409,Rodrique,Absolem,28
CUST410,Raven,Renihan,36
CUST411,Eileen,Osbourne,30
CUST412,Albie,Fayers,37
CUST413,Sayre,Dinan,26
CUST414,Meris,Saylor,40
CUST415,Odille,Hertwell,48
CUST416,Kristy,Milne,49
CUST417,Andriana,Draper,24
CUST418,Drusi,Blagdon,41
CUST419,Vilhelmina,Pettingill,13
CUST420,Lebbie,Topley,44
CUST421,Isidora,Lozano,4
CUST422,Farrel,Messenger,18
CUST423,Marti,Kerfod,14
CUST424,Jonathon,Cootes,34
CUST425,Audrie,Mulvenna,25
CUST426,Tawsha,O'Lenechan,6
CUST427,Malachi,Olyfat,9
CUST428,Frankie,Osgarby,39
CUST429,Timmie,Bastide,5
CUST430,Helli,Angric,9
CUST431,Rod,Bewick,8
CUST432,Brantley,Quarrington,43
CUST433,Berny,Splaven,46
CUST434,Pat,Headon,29
CUST435,Skipper,Plaxton,10
CUST436,Robers,Bradburne,20
CUST437,Leonanie,Albrooke,41
CUST438,Theresa,Eaglestone,4
CUST439,Jonie,Pavey,10
CUST440,Marven,Austing,44
CUST441,Farlie,Shilling,32
CUST442,Zollie,Schroder,15
CUST443,Camel,Sneesbie,26
CUST444,Agustin,Rulton,41
CUST445,Odille,Breagan,24
CUST446,Brett,Shucksmith,24
CUST447,Arnoldo,McDade,25
CUST448,Conway,Bosward,40
CUST449,Gordie,Borkett,14
CUST450,Jacquelin,Nother,50
CUST451,Roderigo,Gitsham,25
CUST452,Kingsley,Mc Harg,24
CUST453,Aubert,Stife,22
CUST454,Freddi,Hiskey,28
CUST455,Etienne,Spensly,12
CUST456,Arne,Anstie,15
CUST457,Tiler,Chrippes,47
CUST458,Jaimie,Kinnear,43
CUST459,Holli,Bartod,10
CUST460,Barclay,Rickell,25
CUST461,Christine,Snewin,29
CUST462,Annemarie,Minter,16
CUST463,Valentijn,Westcarr,11
CUST464,Erin,Ridsdole,4
CUST465,Cchaddie,Kinder,38
CUST466,Trish,Matushevich,39
CUST467,Midge,Treadgall,41
CUST468,Trula,Nesterov,45
CUST469,Abbot,Bouzek,24
CUST470,Drusy,Farrell,49
CUST471,Conway,Coathup,33
CUST472,Hirsch,Sterrie,36
CUST473,Jobey,Siaskowski,42
CUST474,Fawne,Yearne,7
CUST475,Patricia,Filmer,40
CUST476,Abbey,Clowser,6
CUST477,Marianna,Cleeve,33
CUST478,Benito,Oldacres,34
CUST479,Lek,Brownbridge,40
CUST480,Daveta,Piercey,45
CUST481,Iolande,Stonman,45
CUST482,Alejoa,Archbould,50
CUST483,Vicky,Lilleycrop,33
CUST484,Edmon,Klimkov,26
CUST485,Norina,Altree,19
CUST486,Philippine,Lovitt,3
CUST487,Billy,Tomaszewicz,31
CUST488,Maible,Shepland,2
CUST489,Bancroft,Mahody,16
CUST490,Tremayne,Jentin,26
CUST491,Osbourn,Flea,49
CUST492,Lek,Martland,43
CUST493,Vivianna,Hulstrom,50
CUST494,Peri,Vasilchenko,5
CUST495,Danila,Iorns,42
CUST496,Ryan,Glaisner,20
CUST497,Torrie,Lordon,48
CUST498,Cindi,Twelvetree,46
CUST499,Barnebas,Friberg,8
CUST500,Jeffrey,Boagey,4
CUST501,Gail,McGirl,5
CUST502,Briney,Crosswaite,22
CUST503,Joela,Davidavidovics,47
CUST504,Hyacintha,Winks,13
CUST505,Bone,Josipovic,40
CUST506,Dorelle,Eady,3
CUST507,Lyndsie,Melsome,2
CUST508,Alberto,Swadlin,22
CUST509,Emelda,Dudson,31
CUST510,Orelle,Huckerby,27
CUST511,Jermaine,Locket,11
CUST512,Josephine,Lightbody,18
CUST513,Merrel,Fretwell,37
CUST514,Andrew,Soggee,38
CUST515,Tanney,Gittens,17
CUST516,Casper,Jochen,44
CUST517,Aurea,Crady,40
CUST518,Nicko,McIlwain,21
CUST519,Dianna,Boulds,10
CUST520,Nealon,Siaspinski,40
CUST521,Lennard,Deane,42
CUST522,Orlando,Saint,50
CUST523,Travis,Landreth,7
CUST524,Olwen,Browse,25
CUST525,Sianna,Hills,35
CUST526,Will,Cattermull,46
CUST527,Arley,Emmines,31
CUST528,Berk,Itzhaki,9
CUST529,Darsey,Leeds,8
CUST530,Simona,Benny,3
CUST531,Benedetto,Mc Faul,14
CUST532,Hansiain,Alman,29
CUST533,Ruperto,Loy,20
CUST534,Skippie,Keywood,40
CUST535,Clarisse,Gierhard,4
CUST536,Jordon,Keneforde,12
CUST537,Rycca,Boutcher,41
CUST538,Luci,Loosley,10
CUST539,Minette,Mabbot,40
CUST540,Celie,McClean,18
CUST541,Northrop,Kembry,44
CUST542,Hollis,Kennedy,35
CUST543,Clark,Ianniello,33
CUST544,Christean,Skains,4
CUST545,Caria,Dunnet,15
CUST546,Russell,Damiral,5
CUST547,Shepperd,Cake,28
CUST548,Toma,Benfell,5
CUST549,Domenic,Eloy,41
CUST550,Mehetabel,Robiou,23
CUST551,Berthe,Feetham,16
CUST552,Bobby,Ringwood,38
CUST553,Nathalie,Metzke,38
CUST554,Sela,Thurber,21
CUST555,Tricia,Warret,24
CUST556,Sibbie,Boggis,29
CUST557,Albertine,Davidge,3
CUST558,Anderson,Bullivent,23
CUST559,Tabbitha,Shuttell,6
CUST560,Gibb,Jindacek,3
CUST561,Leonhard,Brandin,7
CUST562,Merna,Gravatt,14
CUST563,Cassi,Cudbertson,48
CUST564,Joanna,Gair,2
CUST565,Ker,Tock,9
CUST566,Fiorenze,Denmead,26
CUST567,Justinian,Klos,5
CUST568,Erica,Haydn,39
CUST569,Dory,Gosswell,11
CUST570,Evvie,Hillborne,45
CUST571,Jed,Duckitt,25
CUST572,Roarke,Benninger,1
CUST573,Celle,Cowl,18
CUST574,Brandais,Ellis,25
CUST575,Alister,Cawdell,15
CUST576,Chaddie,Grouvel,2
CUST577,Timothy,Dalgetty,47
CUST578,Ashely,Ghirigori,23
CUST579,Ignazio,Butte,38
CUST580,Ritchie,Nelle,30
CUST581,Shandie,Timmins,21
CUST582,Christian,Wellington,17
CUST583,Katheryn,Rothchild,7
CUST584,Jinny,McAdam,22
CUST585,Nessa,Danilevich,26
CUST586,Bili,Simak,14
CUST587,Harry,Gregorin,16
CUST588,Tommi,Coldrick,37
CUST589,Orv,Peschke,48
CUST590,Corrinne,Philippart,41
CUST591,Shoshanna,Coslett,25
CUST592,Cyrill,Grime,23
CUST593,Dionisio,Sunners,21
CUST594,Adelice,Rammell,30
CUST595,Jerrome,Toler,26
CUST596,Laverne,Benham,41
CUST597,Niki,Wattingham,42
CUST598,Leroy,Berndsen,6
CUST599,Nelie,Cohan,8
CUST600,Leighton,Hazeup,36
CUST601,Orton,Tures,21
CUST602,Elsinore,McQuilliam,23
CUST603,Brandie,Lingwood,35
CUST604,Allistir,Focke,12
CUST605,Licha,Hankinson,2
CUST606,Joela,Symonds,36
CUST607,Camel,Klosterman,20
CUST608,Wilie,Seaman,16
CUST609,Zarah,Ramsdell,41
CUST610,Tabbie,Orcas,29
CUST611,Roddy,Davidesco,24
CUST612,Morry,Minett,12
CUST613,Beniamino,Volage,46
CUST614,Niki,Barsham,7
CUST615,Esmaria,Whall,21
CUST616,Jermain,Bransby,9
CUST617,Alexei,Roja,20
CUST618,Chrisse,Skehan,16
CUST619,Tristam,Prattington,23
CUST620,Kevon,White,42
CUST621,Raye,St. Clair,45
CUST622,Maggie,Slaney,23
CUST623,Iolande,Vauls,23
CUST624,Darcee,Orpwood,47
CUST625,Gayelord,Barbary,15
CUST626,Nydia,Dootson,40
CUST627,Leesa,Armit,16
CUST628,Cornie,Duhig,40
CUST629,Blakelee,Shakelade,4
CUST630,Amandy,Longhorne,32
CUST631,Ivan,Gerry,28
CUST632,Daisy,Tithecote,17
CUST633,Sanderson,Dugan,49
CUST634,Lilah,Betje,39
CUST635,Horton,Boydon,20
CUST636,Walden,Smickle,1
CUST637,Harry,Perot,22
CUST638,Kim,Ingley,50
CUST639,Jessey,Yellowlea,12
CUST640,Kamila,Southerill,2
CUST641,Jamey,O'Crotty,12
CUST642,Bird,Orleton,36
CUST643,Faye,Wroe,20
CUST644,Dot,Kemmett,9
CUST645,Baird,Grimsell,43
CUST646,Monti,Supple,8
CUST647,Paula,Abramson,21
CUST648,Stanfield,Foxton,45
CUST649,Richardo,Syfax,23
CUST650,Richmound,Thirkettle,16
CUST651,Bobinette,Cracoe,41
CUST652,Fredric,Southcomb,45
CUST653,Jacqui,Udell,16
CUST654,Kass,Andryushchenko,21
CUST655,Izzy,Peace,1
CUST656,Chrotoem,Paice,16
CUST657,Eberhard,Jacketts,4
CUST658,Tull,Gavaghan,46
CUST659,Lucias,McVeagh,22
CUST660,Lynea,Durrance,44
CUST661,Hillery,Bockings,39
CUST662,Lenora,Trumper,45
CUST663,Kev,Viles,46
CUST664,Aaren,Burrett,39
CUST665,Francine,Montilla,25
CUST666,Rance,Ruscoe,24
CUST667,Deane,Vallis,28
CUST668,Adore,Jewess,33
CUST669,Millicent,Delle,4
CUST670,Shanie,Tithacott,29
CUST671,Candra,Lasslett,8
CUST672,Dewey,Bondy,19
CUST673,Marillin,Chatfield,35
CUST674,Jourdain,Hovington,41
CUST675,Analiese,Mucklo,18
CUST676,Paulita,MacGiffin,40
CUST677,Bekki,Reame,8
CUST678,Mordecai,Rassmann,42
CUST679,Meredithe,Tugwell,6
CUST680,Caterina,Milberry,40
CUST681,Janie,Chadd,35
CUST682,Izak,Magowan,34
CUST683,Daphne,Hosten,35
CUST684,Hardy,Barnfield,47
CUST685,Julio,Jiggins,27
CUST686,Eveleen,Gartan,34
CUST687,Nelly,Saura,10
CUST688,Coralie,Valentino,6
CUST689,Flore,Ewers,46
CUST690,Aldrich,Sherland,2
CUST691,Letta,Ruberti,10
CUST692,Ranna,Biesty,26
CUST693,Sheena,Loveard,24
CUST694,Julianna,Mincher,15
CUST695,Padget,Vannikov,11
CUST696,Vilma,Housen,37
CUST697,Krista,Yakobovitz,4
CUST698,Harriett,Lathaye,11
CUST699,Trey,Craythorne,47
CUST700,Vic,Ockwell,5
CUST701,Adolph,Leere,21
CUST702,Robinette,Gilders,19
CUST703,Trude,Bawle,44
CUST704,Perri,Ovington,17
CUST705,Nikola,Scurfield,19
CUST706,Zaccaria,Holdworth,22
CUST707,Patin,Dober,1
CUST708,Rustie,Bindley,27
CUST709,Idette,Whittall,3
CUST710,Mannie,Kaminski,23
CUST711,Carlynne,Livesey,3
CUST712,Casie,Gower,9
CUST713,Jodie,Hansed,15
CUST714,Aigneis,Hampton,3
CUST715,Melita,Matashkin,10
CUST716,Milt,Sparkes,27
CUST717,Colly,Bengal,29
CUST718,Moria,Cranage,46
CUST719,Gardie,Mandrey,45
CUST720,Calvin,Matherson,37
CUST721,Ned,Beinisch,41
CUST722,Penelope,Bowen,10
CUST723,Helene,Lyenyng,12
CUST724,Kellen,Mouncher,9
CUST725,Caria,McHaffy,16
CUST726,Gasper,Knevett,8
CUST727,Corrina,Bygate,16
CUST728,Karie,Rosenstengel,32
CUST729,Willie,Hadden,10
CUST730,Avis,Whardley,22
CUST731,Hortense,Climson,25
CUST732,Xylina,Gilloran,10
CUST733,Durant,Sisneros,20
CUST734,Zared,Skim,49
CUST735,Erhart,Tukely,30
CUST736,Mayne,Bartlet,17
CUST737,Linette,Fishly,48
CUST738,Salim,Edworthye,22
CUST739,Bailie,Soitoux,30
CUST740,Alexi,Crosoer,19
CUST741,Clarice,Lassetter,42
CUST742,Mortimer,Ogbourne,46
CUST743,Sashenka,Saipy,31
CUST744,Atlanta,Keveren,34
CUST745,Stearn,Treversh,12
CUST746,Gifford,Petkens,25
CUST747,Judi,Perle,19
CUST748,Claudio,Muldownie,23
CUST749,Randall,Tackle,34
CUST750,Nathan,Rickert,19
CUST751,Danila,Pandie,50
CUST752,Pansie,Worsall,32
CUST753,Adam,Bundock,42
CUST754,Taddeo,Neylan,43
CUST755,Jammie,Francois,14
CUST756,Garner,Yeomans,23
CUST757,Galvin,Caudelier,15
CUST758,Reg,Charte,21
CUST759,Clemmie,Flounders,48
CUST760,Christopher,Comins,32
CUST761,Morie,De Giorgi,45
CUST762,Abbie,Bowerbank,50
CUST763,Bram,Theurer,22
CUST764,Chery,O'Quin,22
CUST765,Cammie,Keasey,12
CUST766,Briney,Bergstram,35
CUST767,Nevin,Degue,26
CUST768,Starlene,Cady,12
CUST769,Cristiano,Keepence,4
CUST770,Bette,Girkins,29
CUST771,Andie,Fakes,8
CUST772,Pietra,Everington,35
CUST773,Sibelle,Gergely,5
CUST774,Janella,Vreede,6
CUST775,Monro,Northam,2
CUST776,Cyb,Perrot,47
CUST777,Sukey,Sugars,30
CUST778,Pete,Wale,15
CUST779,Rozamond,Bondesen,26
CUST780,Irving,Lammas,38
CUST781,Lizabeth,Sent,46
CUST782,Mandie,Wheildon,3
CUST783,Clarita,Barnwill,15
CUST784,Alexia,Luttgert,28
CUST785,Dillie,Mitskevich,19
CUST786,Celestina,LLelweln,40
CUST787,Moe,Mallaby,7
CUST788,Honor,Rash,28
CUST789,Terencio,McEttigen,10
CUST790,Cecil,Meffan,33
CUST791,Shane,Martland,26
CUST792,Rhetta,Preddy,19
CUST793,Betta,Antonowicz,36
CUST794,Hillel,Schollar,15
CUST795,Kristal,Ivimey,50
CUST796,Tomi,Sneller,21
CUST797,Rodrigo,Attwell,44
CUST798,Lyle,Houdmont,33
CUST799,Cliff,Idwal Evans,36
CUST800,Lola,Starling,27
CUST801,Hadria,Burds,13
CUST802,Vivi,Rewcassell,44
CUST803,Terry,Littrell,2
CUST804,Melania,Press,8
CUST805,Shalne,Grove,8
CUST806,Normand,MacRierie,20
CUST807,Any,Conaghan,42
CUST808,Alameda,Sabate,7
CUST809,Wolf,Hanvey,22
CUST810,Egon,Grishanov,32
CUST811,Lebbie,Lockhurst,20
CUST812,Darryl,Titchen,35
CUST813,Geraldine,Feronet,15
CUST814,Elenore,Germain,34
CUST815,Hermy,Ofer,44
CUST816,Allsun,Flay,3
CUST817,Chrisse,Roskams,10
CUST818,Celestyn,Sankey,20
CUST819,Ramsay,Baughn,43
CUST820,Vivianne,McFarlane,37
CUST821,Lilas,Casaroli,13
CUST822,Arlin,Van Halen,40
CUST823,Arielle,Betke,40
CUST824,Garek,Tales,8
CUST825,Annmarie,Crolla,26
CUST826,Jinny,Stealey,19
CUST827,Jana,Cunio,45
CUST828,Milicent,Thornewell,38
CUST829,Berne,Tottman,13
CUST830,Tamarah,Kinsett,8
CUST831,Averyl,Alsina,32
CUST832,Wolfgang,Kleinzweig,26
CUST833,Hadria,Ericssen,41
CUST834,Andreas,Lintill,3
CUST835,Dom,Liversage,25
CUST836,Elfrieda,Trowell,50
CUST837,Leora,Marxsen,35
CUST838,Alric,Evens,29
CUST839,Aurel,Ussher,28
CUST840,Jordan,Phebee,24
CUST841,Noelyn,Cockren,24
CUST842,Allyce,Cordeux,39
CUST843,Mattie,Froggatt,42
CUST844,Haleigh,Davey,1
CUST845,Betsy,Cosh,6
CUST846,Blane,Caras,33
CUST847,Dee,Arnefield,24
CUST848,Claresta,Rimour,2
CUST849,Stu,Croson,27
CUST850,Francois,Sumption,29
CUST851,Daryn,Guilliatt,44
CUST852,Helena,Slade,48
CUST853,Ruperto,Brunnstein,21
CUST854,Pall,MacCumeskey,28
CUST855,Janek,Bridewell,31
CUST856,Cathrine,Joselevitch,6
CUST857,Jarib,Walesby,9
CUST858,Bambi,Wadhams,32
CUST859,Kiel,Habron,1
CUST860,Jeannette,Bellson,39
CUST861,Jonell,Hayball,25
CUST862,Annelise,Ambrogini,23
CUST863,Alecia,Lockier,8
CUST864,Orelie,Wandless,4
CUST865,Meyer,Jacobsz,5
CUST866,Beatrix,Broek,28
CUST867,Blake,Neagle,31
CUST868,Hillard,Clayal,24
CUST869,Teressa,Kinkead,21
CUST870,Othilia,Lukins,31
CUST871,Sharline,Beades,15
CUST872,Pammy,Keohane,23
CUST873,Corrianne,Behrend,21
CUST874,Pepe,Margrem,50
CUST875,Sharity,Scorthorne,47
CUST876,Jerrie,De Cruce,50
CUST877,Callean,Swatridge,6
CUST878,Amos,Bourgaize,47
CUST879,Janifer,Dederich,30
CUST880,Andree,Guest,7
CUST881,Madonna,Gadie,24
CUST882,Garvey,Manginot,13
CUST883,Nikki,Segge,4
CUST884,Daloris,Bielefeld,4
CUST885,Rickard,Cluff,14
CUST886,Emlyn,Di Carlo,21
CUST887,Talbot,Laurand,31
CUST888,Rance,Delatour,19
CUST889,Towney,Antonowicz,42
CUST890,Reynard,Barensen,37
CUST891,Donal,Engledow,43
CUST892,Lanette,Cars,5
CUST893,Francene,Gayton,27
CUST894,Lodovico,Di Domenico,46
CUST895,Tadd,Rosenblum,8
CUST896,Ingrim,McArt,2
CUST897,Siusan,Hammill,4
CUST898,Joleen,Tuckwell,18
CUST899,Rourke,Featherstonhaugh,18
CUST900,Roger,Entwhistle,1
CUST901,Dorolisa,Latta,30
CUST902,Alleen,Salling,10
CUST903,Belle,Bryenton,46
CUST904,Tedra,McGerr,19
CUST905,Gabbi,Fripps,50
CUST906,Haslett,Healings,42
CUST907,Sunshine,Neylon,5
CUST908,Auguste,Ludl,43
CUST909,Donella,Gorey,21
CUST910,Darrel,Purviss,41
CUST911,Ruttger,Van der Mark,16
CUST912,Link,MacCart,44
CUST913,Wandie,Vanacci,27
CUST914,Johannah,Solan,45
CUST915,Pepita,Purviss,15
CUST916,Bard,Epilet,10
CUST917,Yoshiko,Southcoat,28
CUST918,Husein,Veasey,22
CUST919,Cosme,Lanchbury,14
CUST920,Yurik,Eye,25
CUST921,Caria,Callan,17
CUST922,Jenine,Jarman,13
CUST923,Anny,Dannehl,23
CUST924,Diane,Howgego,4
CUST925,Legra,Mussalli,9
CUST926,Deloria,Bassingham,32
CUST927,Addi,Lownes,23
CUST928,Glennie,Motto,12
CUST929,Ammamaria,Groves,7
CUST930,Juliette,Mandrier,43
CUST931,Dallas,Sadgrove,6
CUST932,Hashim,Piddick,16
CUST933,Didi,Poyner,35
CUST934,Haydon,Greasty,46
CUST935,Lock,Cockin,30
CUST936,Evey,Rickersey,8
CUST937,Ody,Birkmyre,7
CUST938,Alissa,Bettis,13
CUST939,Klarika,Deinhardt,22
CUST940,Townsend,Hansley,1
CUST941,Aigneis,Boakes,46
CUST942,Bucky,Gower,26
CUST943,Dania,Matveyev,24
CUST944,Carilyn,Andries,29
CUST945,Bobbe,Klyn,30
CUST946,Margareta,Spellworth,1
CUST947,Finley,De La Coste,5
CUST948,Oralie,De Blasi,2
CUST949,Iormina,Tuddall,31
CUST950,Neysa,Tweddle,5
CUST951,Fair,Fatkin,38
CUST952,Teodoor,Geram,16
CUST953,Gherardo,Turneux,42
CUST954,Jilly,Beacock,6
CUST955,Rosette,Kupisz,33
CUST956,Laurence,Woan,23
CUST957,Sallyann,Jindracek,40
CUST958,Daryl,Magovern,44
CUST959,Osbourn,Folliss,19
CUST960,Tan,Worrall,40
CUST961,Torie,MacKill,21
CUST962,Katharine,Thorold,44
CUST963,Jeffy,Brownlow,43
CUST964,Kylie,Grayston,32
CUST965,Coreen,Scowcroft,5
CUST966,Auguste,Gorvin,38
CUST967,Else,Fynes,42
CUST968,Celestina,Bridges,17
CUST969,Francklin,Wycliffe,49
CUST970,Chloe,Tatam,36
CUST971,Lacie,Brounsell,26
CUST972,Leland,Goodboddy,16
CUST973,Donny,Tale,9
CUST974,Modestia,Shuttlewood,11
CUST975,Fitzgerald,Kynastone,34
CUST976,Phyllis,Nusche,13
CUST977,Randi,Zoellner,21
CUST978,Garrard,Lynes,26
CUST979,Kipper,Gowdy,44
CUST980,Caroline,L'Homme,43
CUST981,Dorey,Ditt,19
CUST982,Wenda,Pfaffel,24
CUST983,Bibbie,Maharg,47
CUST984,Veronika,Schulze,31
CUST985,Lilian,Toms,5
CUST986,Teriann,Spurett,42
CUST987,Olimpia,Attenborrow,38
CUST988,Jeannette,Rumsby,39
CUST989,Friedrick,Yankishin,4
CUST990,Wilfred,Sarver,18
CUST991,Augustine,O'Hartnett,32
CUST992,Chas,Caldayrou,15
CUST993,Selby,Edeson,24
CUST994,Morry,Ridley,30
CUST995,Boigie,Malby,25
CUST996,Roze,Cowin,14
CUST997,Luciana,Ivanovic,12
CUST998,Blanca,Worsfield,20
CUST999,Kaye,McCourt,1
CUST1000,Ingram,Poytres,46
